{
  "model": "Qwen/Qwen3-30B-A3B-Thinking-2507",
  "layer": 46,
  "keep_ratio": 0.5,
  "tokens": 16384,
  "lambda": 1.0,
  "min_per_expert": 8,
  "hellaswag_limit": -1,
  "methods": {
    "baseline": {
      "block_rel_mse": 0.0,
      "hellaswag_acc": 0.595399322844055,
      "hellaswag_acc_norm": 0.7856004779924318,
      "alloc": {}
    },
    "per_expert": {
      "block_rel_mse": 0.02014080962022295,
      "hellaswag_acc": 0.5894244174467238,
      "hellaswag_acc_norm": 0.776140211113324,
      "alloc": {
        "k_per_expert_active": [
          384,
          384,
          384,
          384,
          384,
          384,
          384,
          384,
          384,
          384,
          384,
          384,
          384,
          384,
          384,
          384,
          384,
          384,
          384,
          384,
          384,
          384,
          384,
          384,
          384,
          384,
          384,
          384,
          384,
          384,
          384,
          384,
          384,
          384,
          384,
          384,
          384,
          384,
          384,
          384,
          384,
          384,
          384,
          384,
          384,
          384,
          384,
          384,
          384,
          384,
          384,
          384,
          384,
          384,
          384,
          384,
          384,
          384,
          384,
          384,
          384,
          384,
          384,
          384,
          384,
          384,
          384,
          384,
          384,
          384,
          384,
          384,
          384,
          384,
          384,
          384,
          384,
          384,
          384,
          384,
          384,
          384,
          384,
          384,
          384,
          384,
          384,
          384,
          384,
          384,
          384,
          384,
          384,
          384,
          384,
          384,
          384,
          384,
          384,
          384,
          384,
          384,
          384,
          384,
          384,
          384,
          384,
          384,
          384,
          384,
          384,
          384
        ],
        "k_mean": 384.0,
        "k_std": 0.0,
        "k_min": 384,
        "k_max": 384,
        "n_active": 112,
        "n_starved_below_floor": 0
      }
    },
    "full": {
      "block_rel_mse": 0.3313891491676999,
      "hellaswag_acc": 0.5875323640709023,
      "hellaswag_acc_norm": 0.7731527584146585,
      "alloc": {
        "k_per_expert_active": [
          27,
          427,
          42,
          539,
          284,
          75,
          732,
          191,
          98,
          740,
          612,
          8,
          8,
          646,
          8,
          313,
          250,
          591,
          754,
          21,
          165,
          757,
          47,
          8,
          8,
          753,
          533,
          490,
          748,
          756,
          37,
          381,
          768,
          207,
          755,
          753,
          272,
          692,
          755,
          8,
          8,
          764,
          712,
          761,
          693,
          8,
          541,
          762,
          759,
          8,
          758,
          744,
          26,
          758,
          736,
          8,
          53,
          8,
          279,
          672,
          766,
          8,
          8,
          74,
          753,
          739,
          674,
          411,
          8,
          678,
          761,
          624,
          764,
          115,
          767,
          8,
          8,
          704,
          275,
          311,
          8,
          631,
          764,
          729,
          762,
          119,
          17,
          666,
          136,
          173,
          351,
          763,
          15,
          33,
          37,
          8,
          576,
          21,
          13,
          211,
          744,
          545,
          760,
          17,
          96,
          8,
          152,
          421,
          768,
          8,
          58,
          744
        ],
        "k_mean": 385.0625,
        "k_std": 317.3113410598155,
        "k_min": 8,
        "k_max": 768,
        "n_active": 112,
        "n_starved_below_floor": 20
      }
    }
  },
  "runtime_s": 16669.641709566116
}